{
	"description": "项目配置文件",
	"packOptions": {
		"ignore": []
	},
	"setting": {
		"urlCheck": true,
		"es6": true,
		"postcss": true,
		"minified": true,
		"newFeature": true,
		"autoAudits": false
	},
	"compileType": "miniprogram",
	"libVersion": "2.7.0",
	"appid": "wx42c2e475b7cdb5c9",
	"projectname": "yxy",
	"debugOptions": {
		"hidedInDevtools": []
	},
	"isGameTourist": false,
	"simulatorType": "wechat",
	"simulatorPluginLibVersion": {},
	"condition": {
		"search": {
			"current": -1,
			"list": []
		},
		"conversation": {
			"current": -1,
			"list": []
		},
		"plugin": {
			"current": -1,
			"list": []
		},
		"game": {
			"currentL": -1,
			"list": []
		},
		"miniprogram": {
			"current": 7,
			"list": [
				{
					"id": -1,
					"name": "pages/list/list",
					"pathName": "pages/list/list",
					"query": "",
					"scene": null
				},
				{
					"id": -1,
					"name": "pages/RouteDetails/RouteDetails",
					"pathName": "pages/RouteDetails/RouteDetails",
					"query": "",
					"scene": null
				},
				{
					"id": -1,
					"name": "pages/hotelDetails/hotelDetails",
					"pathName": "pages/hotelDetails/hotelDetails",
					"query": "",
					"scene": null
				},
				{
					"id": -1,
					"name": "pages/ticketDetails/ticketDetails",
					"pathName": "pages/ticketDetails/ticketDetails",
					"query": "",
					"scene": null
				},
				{
					"id": -1,
					"name": "pages/view_order/view_order",
					"pathName": "pages/view_order/view_order",
					"query": "",
					"scene": null
				},
				{
					"id": -1,
					"name": "pages/hotel_order/hotel_order",
					"pathName": "pages/hotel_order/hotel_order",
					"query": "",
					"scene": null
				},
				{
					"id": -1,
					"name": "pages/line_order/line_order",
					"pathName": "pages/line_order/line_order",
					"query": "",
					"scene": null
				},
				{
					"id": -1,
					"name": "pages/mask_hotel/mask_hotel",
					"pathName": "pages/mask_hotel/mask_hotel",
					"scene": null
				}
			]
		}
	}
}